AA_POS,DNA_POS,ENCODED_AAS,ENCODED_COUNT,AMBIGUOUS_CODONS1,AMBIGUOUS_CODONS2,AMBIGUOUS_CODONS3
16,46,"['I', 'V']","[1, 1]",RTT,,
42,124,"['L', 'V']","[1, 1]",STG,,
61,181,"['A', 'L', 'V']","[1, 1, 1]",STG,GCA,
65,193,"['S', 'T']","[1, 1]",ASC,,
68,202,"['A', 'M', 'V']","[1, 1, 1]",RTG,GCA,
69,205,"['A', 'L', 'P', 'Q']","[1, 1, 1, 1]",CHG,GCA,
72,214,"['A', 'C', 'S', 'T', 'V']","[1, 1, 1, 1, 1]",WSC,GYG,
108,322,"['E', 'I', 'L', 'T', 'V']","[1, 1, 1, 1, 1]",AYT,STG,GAA
112,334,"['I', 'V']","[1, 1]",RTT,,
145,433,"['A', 'F', 'I', 'M', 'S', 'T', 'V', 'Y']","[1, 1, 1, 1, 1, 1, 1, 1]",RYK,THT,
150,448,"['I', 'V']","[1, 1]",RTT,,
167,499,"['T', 'V']","[1, 1]",ACC,GTT,
181,541,"['F', 'H', 'I', 'L', 'V', 'Y']","[1, 1, 1, 1, 1, 1]",YWT,RTT,
220,658,"['L', 'V']","[1, 1]",STG,,
224,670,"['I', 'V']","[1, 1]",RTT,,
