Well,Position,Sequence
A1,27-48.wt_dna,CGTGCGGTCTCGGGGGTGGTGCCCATCCTGGTCGAGCCGAGACCGCGCCGGC
A2,27-48.1.0,CGTGCGGTCTCGGGGGTGGTGCCCATCCTGRTTGAGCCGAGACCGCGCCGGC
A3,119-168.wt_dna,CGTGCGGTCTCGCAAGCTGACCCTGAAGTTCATCTGCACCACCGGCAAGCTGCCCGTGCCCTGGCCGAGACCGCGCCGGC
A4,119-168.1.0,CGTGCGGTCTCGCAAGSTGACCCTGAAGTTCATCTGCACCACCGGCAAGCTGCCCGTGCCCTGGCCGAGACCGCGCCGGC
A5,168-195.wt_dna,CGTGCGGTCTCGTGGCCCACCCTCGTGACCACCCTGACCTACGCGAGACCGCGCCGGC
A6,168-195.2.0,CGTGCGGTCTCGTGGCCCACCCTCSTGACCACCCTGASCTACGCGAGACCGCGCCGGC
A7,168-195.2.1,CGTGCGGTCTCGTGGCCCACCCTCGCAACCACCCTGASCTACGCGAGACCGCGCCGGC
B1,195-216.wt_dna,CGTGCGGTCTCGTACGGCGTCCAGTGCTTCAGCCGCTCGAGACCGCGCCGGC
B2,195-216.8.0,CGTGCGGTCTCGTACGGCRTGCHGTGCTTCWSCCGCTCGAGACCGCGCCGGC
B3,195-216.8.1,CGTGCGGTCTCGTACGGCRTGCHGTGCTTCGYGCGCTCGAGACCGCGCCGGC
B4,195-216.8.2,CGTGCGGTCTCGTACGGCRTGGCATGCTTCWSCCGCTCGAGACCGCGCCGGC
B5,195-216.8.3,CGTGCGGTCTCGTACGGCRTGGCATGCTTCGYGCGCTCGAGACCGCGCCGGC
B6,195-216.8.4,CGTGCGGTCTCGTACGGCGCACHGTGCTTCWSCCGCTCGAGACCGCGCCGGC
B7,195-216.8.5,CGTGCGGTCTCGTACGGCGCACHGTGCTTCGYGCGCTCGAGACCGCGCCGGC
B8,195-216.8.6,CGTGCGGTCTCGTACGGCGCAGCATGCTTCWSCCGCTCGAGACCGCGCCGGC
B9,195-216.8.7,CGTGCGGTCTCGTACGGCGCAGCATGCTTCGYGCGCTCGAGACCGCGCCGGC
C1,315-336.wt_dna,CGTGCGGTCTCGTACAAGACCCGCGCCGAGGTGAAGTCGAGACCGCGCCGGC
C2,315-336.3.0,CGTGCGGTCTCGTACAAGAYTCGCGCCGAGRTTAAGTCGAGACCGCGCCGGC
C3,315-336.3.1,CGTGCGGTCTCGTACAAGSTGCGCGCCGAGRTTAAGTCGAGACCGCGCCGGC
C4,315-336.3.2,CGTGCGGTCTCGTACAAGGAACGCGCCGAGRTTAAGTCGAGACCGCGCCGGC
D1,428-454.wt_dna,CGTGCGGTCTCGCAACTTCAACAGCCACAACGTCTATATCATCGAGACCGCGCCGGC
D2,428-454.2.0,CGTGCGGTCTCGCAACRYKAACAGCCACAACRTTTATATCATCGAGACCGCGCCGGC
D3,428-454.2.1,CGTGCGGTCTCGCAACTHTAACAGCCACAACRTTTATATCATCGAGACCGCGCCGGC
D4,454-503.wt_dna,CGTGCGGTCTCGTCATGCCCGACAAGCAGAACAACGGCATCAAGGTGAACTTCAAGATCCGCCACCGAGACCGCGCCGGC
D5,454-503.2.0,CGTGCGGTCTCGTCATGCCCGACAAGCAGAACAACGGCATCAAGGTGAACTTCAAGACCCGCCACCGAGACCGCGCCGGC
D6,454-503.2.1,CGTGCGGTCTCGTCATGCCCGACAAGCAGAACAACGGCATCAAGGTGAACTTCAAGGTTCGCCACCGAGACCGCGCCGGC
E1,503-543.wt_dna,CGTGCGGTCTCGCCACAACATCGAGGACGGCAGCGTGCAGCTCGCCGACCACTACCCGAGACCGCGCCGGC
E2,503-543.2.0,CGTGCGGTCTCGCCACAACATCGAGGACGGCAGCGTGCAGCTCGCCGACYWTTACCCGAGACCGCGCCGGC
E3,503-543.2.1,CGTGCGGTCTCGCCACAACATCGAGGACGGCAGCGTGCAGCTCGCCGACRTTTACCCGAGACCGCGCCGGC
E4,651-672.wt_dna,CGTGCGGTCTCGATGGTCCTGCTGGAGTTCGTGGAGGCGAGACCGCGCCGGC
E5,651-672.1.0,CGTGCGGTCTCGATGGTCSTGCTGGAGTTCRTTGAGGCGAGACCGCGCCGGC
