,name,const,full_oligo_dna
0,27-48.wt_dna,0.0,CGTGCGGTCTCGGGGGTGGTGCCCATCCTGGTCGAGCCGAGACCGCGCCGGGC
1,27-48.1.0,0.0,CGTGCGGTCTCGGGGGTGGTGCCCATCCTGRTTGAGCCGAGACCGCGCCGGGC
2,48-119.wt_dna,1.0,CGTGCGGTCTCGGAGCTGGACGGCGACGTAAACGGCCACAAGTTCAGCGTGCGCGGCGAGGGCGAGGGCGATGCCACCTACGGCAAGCGAGACCGCGCCGGGC
3,119-168.wt_dna,0.0,CGTGCGGTCTCGCAAGCTGACCCTGAAGTTCATCTGCACCACCGGCAAGCTGCCCGTGCCCTGGCCGAGACCGCGCCGGGC
4,119-168.1.0,0.0,CGTGCGGTCTCGCAAGSTGACCCTGAAGTTCATCTGCACCACCGGCAAGCTGCCCGTGCCCTGGCCGAGACCGCGCCGGGC
5,168-195.wt_dna,0.0,CGTGCGGTCTCGTGGCCCACCCTCGTGACCACCCTGACCTACGCGAGACCGCGCCGGGC
6,168-195.2.0,0.0,CGTGCGGTCTCGTGGCCCACCCTCSTGACCACCCTGASCTACGCGAGACCGCGCCGGGC
7,168-195.2.1,0.0,CGTGCGGTCTCGTGGCCCACCCTCGCAACCACCCTGASCTACGCGAGACCGCGCCGGGC
8,195-216.wt_dna,0.0,CGTGCGGTCTCGTACGGCGTCCAGTGCTTCAGCCGCTCGAGACCGCGCCGGGC
9,195-216.8.0,0.0,CGTGCGGTCTCGTACGGCRTGCHGTGCTTCWSCCGCTCGAGACCGCGCCGGGC
10,195-216.8.1,0.0,CGTGCGGTCTCGTACGGCRTGCHGTGCTTCGYGCGCTCGAGACCGCGCCGGGC
11,195-216.8.2,0.0,CGTGCGGTCTCGTACGGCRTGGCATGCTTCWSCCGCTCGAGACCGCGCCGGGC
12,195-216.8.3,0.0,CGTGCGGTCTCGTACGGCRTGGCATGCTTCGYGCGCTCGAGACCGCGCCGGGC
13,195-216.8.4,0.0,CGTGCGGTCTCGTACGGCGCACHGTGCTTCWSCCGCTCGAGACCGCGCCGGGC
14,195-216.8.5,0.0,CGTGCGGTCTCGTACGGCGCACHGTGCTTCGYGCGCTCGAGACCGCGCCGGGC
15,195-216.8.6,0.0,CGTGCGGTCTCGTACGGCGCAGCATGCTTCWSCCGCTCGAGACCGCGCCGGGC
16,195-216.8.7,0.0,CGTGCGGTCTCGTACGGCGCAGCATGCTTCGYGCGCTCGAGACCGCGCCGGGC
17,216-315.wt_dna,1.0,CGTGCGGTCTCGCGCTACCCCGACCACATGAAGCAGCACGACTTCTTCAAGTCCGCCATGCCCGAAGGCTACGTCCAGGAGCGCACCATCTTCTTCAAGGACGACGGCTGCTACACGAGACCGCGCCGGGC
18,315-336.wt_dna,0.0,CGTGCGGTCTCGTACAAGACCCGCGCCGAGGTGAAGTCGAGACCGCGCCGGGC
19,315-336.3.0,0.0,CGTGCGGTCTCGTACAAGAYTCGCGCCGAGRTTAAGTCGAGACCGCGCCGGGC
20,315-336.3.1,0.0,CGTGCGGTCTCGTACAAGSTGCGCGCCGAGRTTAAGTCGAGACCGCGCCGGGC
21,315-336.3.2,0.0,CGTGCGGTCTCGTACAAGGAACGCGCCGAGRTTAAGTCGAGACCGCGCCGGGC
22,336-428.wt_dna,1.0,CGTGCGGTCTCGAAGTTCGAGGGCGACACCCTGGTGAACCGCATCGAGCTGCACGGCATCGACTTCAAGGAGGACGGCAACATCCTGGGGCACAAGCTGGAGTACAACCGAGACCGCGCCGGGC
23,428-454.wt_dna,0.0,CGTGCGGTCTCGCAACTTCAACAGCCACAACGTCTATATCATCGAGACCGCGCCGGGC
24,428-454.2.0,0.0,CGTGCGGTCTCGCAACRYKAACAGCCACAACRTTTATATCATCGAGACCGCGCCGGGC
25,428-454.2.1,0.0,CGTGCGGTCTCGCAACTHTAACAGCCACAACRTTTATATCATCGAGACCGCGCCGGGC
26,454-503.wt_dna,0.0,CGTGCGGTCTCGTCATGCCCGACAAGCAGAACAACGGCATCAAGGTGAACTTCAAGATCCGCCACCGAGACCGCGCCGGGC
27,454-503.2.0,0.0,CGTGCGGTCTCGTCATGCCCGACAAGCAGAACAACGGCATCAAGGTGAACTTCAAGACCCGCCACCGAGACCGCGCCGGGC
28,454-503.2.1,0.0,CGTGCGGTCTCGTCATGCCCGACAAGCAGAACAACGGCATCAAGGTGAACTTCAAGGTTCGCCACCGAGACCGCGCCGGGC
29,503-543.wt_dna,0.0,CGTGCGGTCTCGCCACAACATCGAGGACGGCAGCGTGCAGCTCGCCGACCACTACCCGAGACCGCGCCGGGC
30,503-543.2.0,0.0,CGTGCGGTCTCGCCACAACATCGAGGACGGCAGCGTGCAGCTCGCCGACYWTTACCCGAGACCGCGCCGGGC
31,503-543.2.1,0.0,CGTGCGGTCTCGCCACAACATCGAGGACGGCAGCGTGCAGCTCGCCGACRTTTACCCGAGACCGCGCCGGGC
32,543-651.wt_dna,1.0,CGTGCGGTCTCGTACCAGCAGAACACCCCCATCGGCGACGGCCCCGTGCTGCTGCCCGACTACCACTACCTGCACACCTGGTCCGAGCTGAGCAAAGACCCCAACGAGAAGCGCGATCACATGGCGAGACCGCGCCGGGC
33,651-672.wt_dna,0.0,CGTGCGGTCTCGATGGTCCTGCTGGAGTTCGTGGAGGCGAGACCGCGCCGGGC
34,651-672.1.0,0.0,CGTGCGGTCTCGATGGTCSTGCTGGAGTTCRTTGAGGCGAGACCGCGCCGGGC
